{
    "T": 873.792,
    "Ms": 627520.0675544626,
    "A": 1.9788427255036743e-12,
    "K1": 471271.26432232093,
    "Hc": 835435.5442597799,
    "Mr": 626326.0671343581,
    "BHmax": 123148.0988913456
}