{
    "common": {
        "D_T_MIN": {
            "value": 4.0,
            "source": "both"
        },
        "D_T_SUPER": {
            "value": 5,
            "source": "both"
        },
        "T_IN_STORAGE_COLD": {
            "value": 288.15,
            "source": "both"
        },
        "T_IN_STORAGE_HOT": {
            "value": 288.15,
            "source": "both"
        },
        "T_OUT_STORAGE_COLD": {
            "value": 250.15,
            "source": "both"
        },
        "T_OUT_STORAGE_HOT": {
            "value": 363.0,
            "source": "both"
        },
        
        "Q_DOT_MIN": {
            "value": 1000.0,
            "source": "both"
        },
        "fluids_all": {
            "value": {
                "WORKING": [
                    "Propane * Butane * Pentane * Hexane",
                    [0.771733787, 0.0222759488, 0.178685867, 0.027304397199999997]
                ],
                "STORAGE_HOT": ["Water", [1.0]],
                "STORAGE_COLD": ["Methanol", [1.0]]
            },
            "source": "both"
        }
    },
    "heat_pump": {
        "ETA_S_C": 0.7,
        "P_IN_STORAGE_COLD": 500000.0,
        "P_IN_STORAGE_HOT": 500000.0,
        "P_WORKING": {
            "optimize": "None",
            "setting": "initial",
            "p_low": 128250.708,
            "p_high": 1375487.28
        }
    },
    "orc": {
        "eta_s": 0.7,
        "eta_s_p": 0.6,
        "p_low": 333784.4975249883,
        "p_high": 672760.1033222234,
        "T_hh": 363.000000000741,
        "h_h_out_sec": 63458.440624476476,
        "h_h_out_w": 640323.7340104703,
        "h_l_out_cold": -130221.02392584182,
        "h_l_out_w": 105914.518084489,
        "h_env_in": 63458.440624476476,
        "h_env_out": 84382.40998821866,
        "T_hl": 288.15,
        "T_lh": 288.15,
        "T_ll": 250.1500000025218,
        "d_temp_min": 2.0,
        "cop_charging": 2.829375077687538
    }
}
