feature,method,statistic,p_value,p_value_adj,significant_fdr
1742/2720,ANOVA,32.000000000000064,0.029857499854668054,0.029857499854668054,True
