oil_type,matrix,heating_stage,batch,1000.0,1010.0,1020.0,1030.0
VO,chips,0,A,8.109858679144324,6.661520916683969,7.044735962712467,4.9590434703329676
VO,chips,1,B,7.88272070964454,7.902976584818508,7.347741154377843,6.723593457871033
PO,chips,0,A,8.485550882942132,6.528607515022013,8.993363002095204,5.5150581410436965
PO,chips,1,B,10.480215947129476,7.251029536418832,7.553699485175019,5.996719635995608
