{
    "T": 201.644,
    "Ms": 1087898.1134689432,
    "A": 5.947473128593124e-12,
    "K1": 2455572.574550187,
    "Hc": 2771861.6951972363,
    "Mr": 1087154.6680491758,
    "BHmax": 371227.4814340702
}