{
  "time": 1637097362002,
  "elapsed": 227008,
  "outputs": [
    {
      "Float": {
        "v": 1,
        "dim": [
          1,
          1
        ],
        "data": [
          0.001497417688369751
        ]
      }
    }
  ],
  "model_name": "foo",
  "pipeline_id": "",
  "model_version": "xx1",
  "original_data": {
    "tensor_1": [
      [
        -0.4434654615252943,
        -0.15157478906219238,
        -0.26684517248765616,
        -1.454961775612449
      ]
    ],
    "tensor_2": [
      [
        -0.44,
        -0.55,
        -1.234
      ]
    ],
    "tensor_3": [
      [
        0.88,
        0.22
      ]
    ]
  },
  "check_failures": []
}
