{
    "T": 0.0,
    "Ms": 1137905.1741369755,
    "A": 6.5068109016309986e-12,
    "K1": 2810000.0,
    "Hc": 3063643.7827939717,
    "Mr": 1137190.816626736,
    "BHmax": 406204.2072086813
}