{"b":0.6467955456166815,"k1":1.4542975172584443,"k3":0.13135992685811715,"mu":1263}