feature,level,group,mean,std,cv_percent,mad,mad_over_mean
1742/2720,overall,,1.5,0.47609522856952335,31.739681904634892,0.4,0.26666666666666666
1742/2720,oil,A,1.9,0.14142135623730948,7.443229275647867,0.09999999999999998,0.05263157894736841
1742/2720,oil,B,1.1,0.14142135623730948,12.856486930664495,0.09999999999999998,0.09090909090909088
