{
    "T": 403.289,
    "Ms": 996687.0073349068,
    "A": 4.991989176274048e-12,
    "K1": 1888271.7422186378,
    "Hc": 2294391.092447116,
    "Mr": 995883.8320729461,
    "BHmax": 311466.0196399804
}