{
    "T": 672.148,
    "Ms": 821779.9525676876,
    "A": 3.3936505950032937e-12,
    "K1": 1058411.9399077496,
    "Hc": 1498609.7319175699,
    "Mr": 820829.9551211767,
    "BHmax": 211581.68007051523
}