{
    "T": 268.859,
    "Ms": 1061166.9528404095,
    "A": 5.6587886584819835e-12,
    "K1": 2278973.384051188,
    "Hc": 2639223.8734248574,
    "Mr": 1060406.9538949602,
    "BHmax": 353103.26522206666
}