{
    "T": 604.933,
    "Ms": 872107.230248719,
    "A": 3.822045169641556e-12,
    "K1": 1265021.085552622,
    "Hc": 1710817.8748157374,
    "Mr": 871204.7833666094,
    "BHmax": 238190.2932216162
}