,baseline_pr_auc,baseline_roc_auc,drift_pr_auc,drift_roc_auc,train_time,pred_time_ms,degradation
PKBoost,0.8487,0.9706,0.8422,0.9664,6.85,60.1,0.7658772239896384
XGBoost,0.7627493844748452,0.9286821222086684,0.692734103953401,0.8934307285080196,1.561460018157959,35.29620170593262,9.179329665359209
LightGBM,0.25446633133257945,0.7044215966889763,0.03742816829183134,0.7396605557536214,1.1965582370758057,54.14175987243652,85.29150473627337
