Scenario,XGBoost,LightGBM,PKBoost,XGB_Deg%,LGBM_Deg%,PKB_Deg%
1 Stable,11.906729958966851,11.687806315295683,12.4679,0.0,0.0,0.0
2 Sudden Drift,170.78732160679488,170.54532749789058,171.4048,1334.4,1359.2,1274.8
3 Gradual Drift,360.7755757611683,360.5611247073573,361.3998,2930.0,2984.9,2798.6
4 Outliers,432.8939855005158,432.67188058996027,222.5793,3535.7,3601.9,1685.2
5 High Noise,502.9457558746669,502.69893107298105,291.0836,4124.0,4201.1,2234.7
6 Temporal,550.8623312078184,550.6152218221478,338.9827,4526.5,4611.0,2618.8
7 Reversal,694.7873745281721,695.0113826156743,645.1925,5735.2,5846.5,5074.8
