Scenario,XGB_RMSE,XGB_R²,LGBM_RMSE,LGBM_R²,XGB_Degrade%,LGBM_Degrade%
1. Stable,232.53116551056925,-3.0552706013843727,232.5746957832913,-3.056789052108596,0.0,0.0
2. Sudden Drift,2118.9148868252855,-148.65926977209404,2118.964886442283,-148.66633281601483,811.2,811.1
3. Gradual Drift,5038.679146228591,-93.03063148254985,5038.729109459366,-93.03249629564756,2066.9,2066.5
4. Outliers (5%),6224.374465831698,-1214.2792783564535,6224.425287935044,-1214.2991239816056,2576.8,2576.3
5. High Noise,6836.076920316106,-1545.8418376142322,6836.126938130923,-1545.864473383997,2839.9,2839.3
6. Temporal,7515.35288777831,-1058.0056706735834,7515.403211467587,-1058.0198531748013,3132.0,3131.4
7. Heteroscedastic,8006.660533055576,-1707.6565904098288,8006.710850007738,-1707.6780661953242,3343.3,3342.6
8. Reversal,10504.554872251798,-3677.1911619253506,10504.503917217517,-3677.155477995006,4417.5,4416.6
9. Combined Stress,9844.168882843289,-425.7813551179615,9844.2186125674,-425.7856670660611,4133.5,4132.7
