{
    "T": 537.718,
    "Ms": 917661.0146648665,
    "A": 4.231755865467633e-12,
    "K1": 1473787.77152201,
    "Hc": 1923020.7605317808,
    "Mr": 916797.6284043228,
    "BHmax": 263941.70858614496
}