{"min": [-0.299969, -0.523527, -0.823607], "max": [0.307593, 0.639786, 0.935741]}