{
  "model": "Qwen/Qwen3-235B-A22B-Instruct-2507",
  "parameters": {
    "n_prompts": 100,
    "max_tokens": 200,
    "seed": 42,
    "top_k": 50,
    "top_p": 0.95,
    "temperature": 0.0
  },
  "providers": {
    "parasail/fp8": {
      "error": "Error code: 429 - {'error': {'message': 'Rate limit exceeded: limit_rpm/qwen/qwen3-235b-a22b-07-25/043eb28f-fc28-4b0d-9800-b249fcfcfbf9. High demand for qwen/qwen3-235b-a22b-2507 on OpenRouter - limited to 18 requests per minute. Please retry shortly.', 'code': 429, 'metadata': {'headers': {'X-RateLimit-Limit': '18', 'X-RateLimit-Remaining': '0', 'X-RateLimit-Reset': '1766783040000'}, 'provider_name': None}}, 'user_id': 'org_2yekBWj4qPakmsfR64idxNhtAk8'}"
    },
    "wandb/bf16": {
      "exact_match_rate": 0.9634047840944393,
      "avg_prob": 0.8462434167226961,
      "avg_margin": 0.01424104594194681,
      "avg_logit_rank": 0.03268095681888785,
      "avg_gumbel_rank": 0.03268095681888785,
      "infinite_margin_rate": 0.00012426219322771048,
      "total_tokens": 16095,
      "n_sequences": 100
    },
    "together": {
      "exact_match_rate": 0.963445664991001,
      "avg_prob": 0.8447506427813444,
      "avg_margin": 0.011654797583022966,
      "avg_logit_rank": 0.03134115310618755,
      "avg_gumbel_rank": 0.03134115310618755,
      "infinite_margin_rate": 0.0001861850679575498,
      "total_tokens": 16113,
      "n_sequences": 100
    },
    "cerebras": {
      "exact_match_rate": 0.9437480511381353,
      "avg_prob": 0.8369294006530122,
      "avg_margin": 0.030303526344135107,
      "avg_logit_rank": 0.0568755846585594,
      "avg_gumbel_rank": 0.0568755846585594,
      "infinite_margin_rate": 0.00037418147801683815,
      "total_tokens": 16035,
      "n_sequences": 100
    }
  }
}