{
  "model": "Qwen/Qwen3-235B-A22B-Instruct-2507",
  "parameters": {
    "n_prompts": 100,
    "max_tokens": 200,
    "seed": 42,
    "top_k": 50,
    "top_p": 0.95,
    "temperature": 0.0
  },
  "providers": {
    "parasail/fp8": {
      "error": "Error code: 429 - {'error': {'message': 'Rate limit exceeded: limit_rpm/qwen/qwen3-235b-a22b-07-25/043eb28f-fc28-4b0d-9800-b249fcfcfbf9. High demand for qwen/qwen3-235b-a22b-2507 on OpenRouter - limited to 18 requests per minute. Please retry shortly.', 'code': 429, 'metadata': {'headers': {'X-RateLimit-Limit': '18', 'X-RateLimit-Remaining': '0', 'X-RateLimit-Reset': '1766783040000'}, 'provider_name': None}}, 'user_id': 'org_2yekBWj4qPakmsfR64idxNhtAk8'}"
    },
    "wandb/bf16": {
      "exact_match_rate": 0.9631913303437967,
      "avg_prob": 0.8457897519487442,
      "avg_margin": 0.013571347401965365,
      "avg_logit_rank": 0.03350772296960638,
      "avg_gumbel_rank": 0.03350772296960638,
      "infinite_margin_rate": 0.0001868460388639761,
      "total_tokens": 16056,
      "n_sequences": 100
    },
    "together": {
      "exact_match_rate": 0.9637834474175482,
      "avg_prob": 0.8453954228573061,
      "avg_margin": 0.013445436616910523,
      "avg_logit_rank": 0.03117610454262601,
      "avg_gumbel_rank": 0.03117610454262601,
      "infinite_margin_rate": 0.0001866832607342875,
      "total_tokens": 16070,
      "n_sequences": 100
    },
    "cerebras": {
      "exact_match_rate": 0.9424011968582471,
      "avg_prob": 0.8358839086694426,
      "avg_margin": 0.029267682121536655,
      "avg_logit_rank": 0.0580351577110086,
      "avg_gumbel_rank": 0.0580351577110086,
      "infinite_margin_rate": 0.0004986909362922329,
      "total_tokens": 16042,
      "n_sequences": 100
    }
  }
}