{
    "T": 134.43,
    "Ms": 1110509.8508371813,
    "A": 6.1972764810723935e-12,
    "K1": 2611892.8067054693,
    "Hc": 2904488.8061007806,
    "Mr": 1109779.8492989545,
    "BHmax": 386870.043942591
}