round,determinant,gaussian_entropy,gap,sigma,target_entropy
0,426.98822898360515,5.866255289442109,-0.022622668890771358,4.4,5.8888779583328805
1,420.917931968536,5.8590960057784365,-0.029781952554444047,4.4,5.8888779583328805
2,420.9179319685356,5.859096005778436,-0.029781952554444935,4.4,5.8888779583328805
3,420.9179319685356,5.859096005778436,-0.029781952554444935,4.4,5.8888779583328805
4,420.9179319685356,5.859096005778436,-0.029781952554444935,4.4,5.8888779583328805
5,420.9179319685356,5.859096005778436,-0.029781952554444935,4.4,5.8888779583328805
