round,determinant,gaussian_entropy,gap,sigma,target_entropy
0,558.4899135047565,6.000495345595642,0.11161738726276127,3.8,5.8888779583328805
1,531.315143866113,5.975554734643809,0.08667677631092818,3.8,5.8888779583328805
2,531.3151438661121,5.975554734643808,0.0866767763109273,3.8,5.8888779583328805
3,531.3151438661121,5.975554734643808,0.0866767763109273,3.8,5.8888779583328805
4,531.3151438661121,5.975554734643808,0.0866767763109273,3.8,5.8888779583328805
5,531.3151438661121,5.975554734643808,0.0866767763109273,3.8,5.8888779583328805
