round,determinant,gaussian_entropy,gap,sigma,target_entropy
0,1023.8433819631819,6.303536489709466,0.4146585313765856,3.0,5.8888779583328805
1,1017.9525469416093,6.300651357418207,0.41177339908532673,3.0,5.8888779583328805
2,1002.6626417189494,6.293084257484592,0.4042062991517117,3.0,5.8888779583328805
3,995.2590667838834,6.289378602357137,0.4005006440242562,3.0,5.8888779583328805
4,993.2993985205762,6.28839313025165,0.39951517191876906,3.0,5.8888779583328805
5,992.3871517170038,6.28793371893739,0.39905576060450976,3.0,5.8888779583328805
