{
    "T": 1008.221,
    "Ms": 402217.0049337345,
    "A": 8.129744497253507e-13,
    "K1": 124099.31565263457,
    "Hc": 304893.9929019753,
    "Mr": 400506.5331032866,
    "BHmax": 50060.618127124544
}