{
    "T": 806.577,
    "Ms": 701984.95127527,
    "A": 2.476347826537876e-12,
    "K1": 659738.0152266903,
    "Hc": 1074171.5267170034,
    "Mr": 700898.2368173036,
    "BHmax": 154119.94565108515
}