{
  "model": "Qwen/Qwen3-235B-A22B-Instruct-2507",
  "parameters": {
    "n_prompts": 100,
    "max_tokens": 200,
    "seed": 42,
    "top_k": 50,
    "top_p": 0.95,
    "temperature": 0.0
  },
  "providers": {
    "parasail/fp8": {
      "exact_match_rate": 0.9622237612541711,
      "avg_prob": 0.8436241034124693,
      "avg_margin": 0.01388640884727994,
      "avg_logit_rank": 0.032361644525593404,
      "avg_gumbel_rank": 0.032361644525593404,
      "infinite_margin_rate": 6.296039790971479e-05,
      "total_tokens": 15883,
      "n_sequences": 100,
      "passed": false,
      "threshold": 0.97
    },
    "wandb/bf16": {
      "exact_match_rate": 0.963940358100942,
      "avg_prob": 0.8435572827168278,
      "avg_margin": 0.013239346834638423,
      "avg_logit_rank": 0.03231642647701042,
      "avg_gumbel_rank": 0.03231642647701042,
      "infinite_margin_rate": 0.00012477384740158462,
      "total_tokens": 16029,
      "n_sequences": 100,
      "passed": false,
      "threshold": 0.97
    },
    "deepinfra/fp8": {
      "exact_match_rate": 0.9434559615019312,
      "avg_prob": 0.8390150969494331,
      "avg_margin": 0.027147321234207777,
      "avg_logit_rank": 0.052681567783195084,
      "avg_gumbel_rank": 0.052681567783195084,
      "infinite_margin_rate": 0.00012663838409421896,
      "total_tokens": 15793,
      "n_sequences": 100,
      "passed": false,
      "threshold": 0.97
    },
    "novita/fp8": {
      "exact_match_rate": 0.9667843186688516,
      "avg_prob": 0.8438340932179544,
      "avg_margin": 0.012054331965117038,
      "avg_logit_rank": 0.028299508382705157,
      "avg_gumbel_rank": 0.028299508382705157,
      "infinite_margin_rate": 0.00012605571662674902,
      "total_tokens": 15866,
      "n_sequences": 100,
      "passed": false,
      "threshold": 0.97
    },
    "siliconflow/fp8": {
      "exact_match_rate": 0.952248960564445,
      "avg_prob": 0.8425702007574951,
      "avg_margin": 0.023390677667433215,
      "avg_logit_rank": 0.04743605896434421,
      "avg_gumbel_rank": 0.04743605896434421,
      "infinite_margin_rate": 0.00012599218848431397,
      "total_tokens": 15874,
      "n_sequences": 100,
      "passed": false,
      "threshold": 0.97
    },
    "together": {
      "exact_match_rate": 0.9639668165410678,
      "avg_prob": 0.8470190216782264,
      "avg_margin": 0.011385497814934448,
      "avg_logit_rank": 0.030333734405674117,
      "avg_gumbel_rank": 0.030333734405674117,
      "infinite_margin_rate": 0.00012665442340573744,
      "total_tokens": 15791,
      "n_sequences": 100,
      "passed": false,
      "threshold": 0.97
    },
    "fireworks/fp8": {
      "exact_match_rate": 0.966539016887438,
      "avg_prob": 0.8456516098846151,
      "avg_margin": 0.011034425023840732,
      "avg_logit_rank": 0.028689811036474354,
      "avg_gumbel_rank": 0.028689811036474354,
      "infinite_margin_rate": 0.0001883357398455647,
      "total_tokens": 15929,
      "n_sequences": 100,
      "passed": false,
      "threshold": 0.97
    },
    "cerebras": {
      "exact_match_rate": 0.9444128967127263,
      "avg_prob": 0.8366302695217542,
      "avg_margin": 0.030306847940374526,
      "avg_logit_rank": 0.05647043977538015,
      "avg_gumbel_rank": 0.05647043977538015,
      "infinite_margin_rate": 0.00025238185374471575,
      "total_tokens": 15849,
      "n_sequences": 100,
      "passed": false,
      "threshold": 0.97
    }
  }
}