{
  "k": 1.380649e-23,
  "q": 1.602176634e-19,
  "zero_C": 273.15,
  "VT_at_25C": 0.02569257912108585
}