degree,    coef,        covar,
0,       0.1741,   2.4395e-05,  -0.0262821,       5.634934
1,      -17.889,   -0.0262821,    32.17712,       -7223.86
2,        42614,     5.634934,    -7223.86,    1654633.996