{
    "T": 336.074,
    "Ms": 1030713.2863408608,
    "A": 5.338654183024653e-12,
    "K1": 2088342.4969741327,
    "Hc": 2480065.707330375,
    "Mr": 1029933.4959466346,
    "BHmax": 333002.0514617394
}